enrollment,graderange,parentrating,school_type
615.625,['K-6' 'K-8' 'K-12'],3.875,['public' 'charter']
414.0,['K-5'],5.0,['public']
559.1333333333333,['6-12' '9-12' 'K-5' '6-8' 'K-8' 'K-12'],4.2,['charter' 'public']
765.8,['9-12' '6-8' 'K-5'],4.2,['public']
1024.6363636363637,['9-12' 'K-8'],3.909090909090909,['public']
1058.125,['9-12' '6-8' 'K-5' 'K-8' 'PK-5'],4.0,['public' 'charter']
205.0,['K-5' 'PK-12' '9-12'],3.3333333333333335,['public']
886.2,['9-12' '6-8' 'K-5' 'PK-5'],4.0,['public']
1090.05,['K-6' '9-12' '7-8' '7-12' 'K-5'],3.8,['public' 'charter']
297.0,['9-12' '5-8' 'K-4' 'K-3'],4.0,['public' 'charter']
420.3333333333333,['9-12' 'K-12' 'K-8'],2.6666666666666665,['public']
748.7142857142857,['K-8' '9-12' '6-8' 'K-5' 'K-12'],3.7142857142857144,['charter' 'public']
988.9090909090909,['K-12' '9-12' 'K-6' 'K-8'],4.0,['charter' 'public']
1057.5714285714287,['9-12' 'K-5' 'K-8'],4.0,['public']
292.14285714285717,['9-12' 'K-8' 'K-6' 'K-5'],4.285714285714286,['public' 'charter']
552.5,['K-6' '7-8'],4.0,['public']
548.5,['K-6' '7-8'],4.0,['public']
907.4285714285714,['9-12' 'PK-6' 'K-8' '7-8'],4.285714285714286,['public' 'charter']
550.25,['9-12' '6-8' '4-8' 'K-5' 'K-6' 'PK-6' 'PK-5' 'K-12'],4.125,['public']
947.4,['K-5' 'K-3' 'K-4' '9-12' 'K-8'],4.4,['public']
1020.6666666666666,['9-12' 'K-6' '7-8'],3.8333333333333335,['public']
568.8571428571429,['K-5' 'K-8' '6-8' '9-12'],4.0,['public' 'charter']
505.90909090909093,['9-12' '1-5' 'K-5' '6-8' 'PK-5'],3.727272727272727,['public']
898.8695652173913,['K-6' '9-12' '7-8' '4-6' 'K-3' 'K-5' '6-8' 'K-8' '5-8' 'K-4' 'K-12'],3.8869565217391306,['public' 'charter']
652.25,['K-6' '6-8' '7-8'],4.0,['public']
813.2,['9-12' 'K-5' '6-8'],3.8,['public']
577.8,['7-8' 'K-6'],3.4,['public']
980.4444444444445,['K-5' '9-12' '6-8'],4.222222222222222,['public']
1174.1666666666667,['9-12' 'K-5' '6-8'],3.8333333333333335,['public' 'charter']
1272.2857142857142,['K-5' '9-12' '6-8'],3.7142857142857144,['public']
355.0,['K-8'],4.0,['public']
585.0,['K-6'],4.0,['public']
850.6666666666666,['9-12' 'K-5' '1-5' 'K-6' '6-8'],4.333333333333333,['public']
950.25,['9-12' '6-8' 'K-5'],4.0,['public']
568.2142857142857,['9-12' '10-12' 'K-5' '6-8'],4.5,['charter' 'public']
835.0,['9-12' 'K-8'],4.0,['public']
371.0,['7-8'],4.0,['public']
356.0,['K-8'],3.0,['public']
374.0,['9-12' 'K-8'],5.0,['public']
646.3333333333334,['K-8'],3.6666666666666665,['public']
830.0,['7-8' '9-12' 'K-6' 'K-8'],4.0,['public']
578.5,['K-6' '7-8'],4.25,['public']
954.3636363636364,['6-8' 'K-5' '9-12'],3.8181818181818183,['public']
175.0,['K-5' '6-8'],4.0,['public']
313.0,['6-8' 'K-5'],4.5,['public']
723.2857142857143,['K-6' '9-12'],4.142857142857143,['public']
903.0909090909091,['9-12' '6-8' 'K-5'],4.0,['public']
659.4285714285714,['9-12' '6-8' 'K-5'],4.0,['public']
885.6666666666666,['6-8' 'PK-5' '9-12' 'K-5'],3.8333333333333335,['public']
923.3333333333334,['K-6' '9-12' '7-9'],3.7777777777777777,['public']
405.3333333333333,['9-12' '6-8' '3-5'],3.6666666666666665,['public']
885.0,['6-8'],5.0,['public']
369.0,['5-8' '9-12' 'K-4'],4.0,['public']
485.0,['K-6'],5.0,['public']
700.0666666666667,['9-12' 'K-12' 'K-5' 'K-7' '6-8' 'K-8'],4.2,['public' 'charter']
1025.0,['K-4' '9-12'],4.0,['charter' 'public']
763.0,['6-8'],4.0,['public']
766.5714285714286,['K-5' '6-8' 'PK-5' '9-12' 'K-6'],3.857142857142857,['public']
515.75,['K-5' '6-8' '9-12'],4.0,['public']
645.8235294117648,['K-5' '6-8' 'K-6' 'K-8' '9-12' '6-12' 'K-7'],3.6470588235294117,['public' 'charter']
1164.8,['K-5' '9-12' '6-8'],3.6,['public']
744.1666666666666,['7-8' 'K-6' '9-12' 'K-8'],3.8333333333333335,['public' 'charter']
967.9,['PK-6' 'K-6' '9-12' '7-8' '7-12'],4.2,['public']
641.2352941176471,['7-8' 'K-8' '9-12' 'K-6' 'K-12' 'K-7'],4.235294117647059,['public' 'charter']
908.8571428571429,['K-6' 'K-8' '9-12' '7-8'],4.071428571428571,['public']
952.9333333333333,['K-6' '7-8' '9-12' 'K-12'],4.133333333333334,['public' 'charter']
528.0,['9-12' '4-8' '5-6' '3-4' '7-8'],4.2,['public']
921.2321428571429,['7-12' 'K-8' '7-8' '9-12' 'K-6' 'K-12' 'K-5' '6-8' 'K-10'],3.767857142857143,['public' 'charter']
635.5,['K-6' 'K-8' '9-12'],3.6666666666666665,['public']
702.5,['K-5' 'K-8'],4.0,['public']
897.5,['6-8' '9-12'],4.0,['public']
942.6666666666666,['K-6' '9-12' '7-8'],4.333333333333333,['public']
664.0,['6-8'],4.0,['public']
736.0,['K-7'],3.0,['public']
207.0,['K-4'],4.0,['public']
453.0,['9-12' 'K-4' '5-8'],3.0,['public']
937.1,['7-8' '9-12' 'K-6' 'K-8'],3.9,['public' 'charter']
740.6666666666666,['7-8' 'K-6' '9-12'],3.7777777777777777,['public' 'charter']
663.5,['9-12' '6-8' '1-3' '4-5'],3.0,['public']
441.5,['9-12' 'K-12'],4.5,['public' 'charter']
509.5,['6-8' 'K-5'],4.0,['public']
997.0,['K-6' '9-12' 'K-5' '6-8'],3.7142857142857144,['public']
453.6666666666667,['9-12' '4-8' 'K-3'],4.0,['public']
674.2333333333333,['K-7' '6-8' 'K-5' '9-12' 'K-8' 'K-6' 'K-12'],3.466666666666667,['public']
760.6842105263158,['K-5' '9-12' '6-8' 'K-12' 'PK-5'],3.8947368421052633,['public' 'charter']
786.0,['9-12' '6-8'],3.5,['public']
454.7142857142857,['9-12' '6-8' 'K-6' 'K-8'],4.428571428571429,['public']
1107.4193548387098,['7-8' 'K-6' '9-12' 'K-8' '6-8' 'K-12' 'K-5'],4.064516129032258,['public']
524.5,['K-6' 'PK-6'],4.5,['public']
776.25,['9-12' '6-8' 'K-5'],4.0,['public']
498.0,['K-5'],4.0,['public']
667.6666666666666,['PK-6' 'K-6' '7-8' '7-12' '9-12' '3-6' 'K-12'],3.888888888888889,['public']
818.2307692307693,['K-5' '9-12' 'K-6' '6-8'],3.769230769230769,['public']
397.375,['K-5' '6-8' '9-12' 'K-8'],4.0,['public' 'charter']
1054.8,['K-12' 'K-8' 'K-6'],3.4,['public']
765.3,['K-5' '9-12' '6-8'],4.1,['public']
1364.2222222222222,['K-5' '9-12' '6-8'],3.888888888888889,['public']
1076.75,['K-6' '9-12' '7-8' '7-12'],4.125,['public']
499.64285714285717,['K-4' 'K-6' '6-8' 'K-7' '5-8' '9-12' 'K-5'],4.357142857142857,['public' 'charter']
1507.0,['9-12' 'K-5'],4.0,['public']
929.0769230769231,['6-8' 'K-5' '9-12'],4.076923076923077,['public']
664.2,['K-6' '10-12' '7-9'],4.3,['public']
389.0,['K-6'],5.0,['public']
727.1875,['K-5' '6-8' '9-12' 'K-8' '6-12'],4.1875,['public' 'charter']
948.7142857142857,['K-5' '9-12' '6-8'],3.5714285714285716,['public']
810.3636363636364,['PK-6' 'K-5' '6-8' '9-12' '7-8' 'K-6'],4.363636363636363,['public']
763.6,['9-12' 'K-6' 'K-8' 'K-12' '7-8'],4.4,['public']
618.8333333333334,['K-6' '7-8' '9-12' 'K-8'],3.3333333333333335,['public' 'charter']
84.0,['9-12'],2.0,['public']
555.0,['3-5' '6-8' '9-12'],3.3333333333333335,['public']
1648.625,['9-12' 'K-5' '6-8' 'K-3' '4-5'],3.875,['public']
425.2,['PK-6' 'K-6' '7-8'],3.8,['public']
1009.0,['K-5' '9-12' '6-8'],4.111111111111111,['public']
71.0,['PK-8' '9-12'],4.0,['public']
355.0,['K-5' '6-8' 'K-8'],4.4,['public']
1784.5,['K-6' '7-8' '9-12'],4.166666666666667,['public']
775.1851851851852,['K-5' 'K-8' '6-8' '9-12' 'K-6' '11-12' 'K-12'],4.037037037037037,['public' 'charter']
614.125,['K-6' 'K-8' 'K-9' '7-8' '9-12'],4.5,['charter' 'public']
507.5,['K-6' '7-8'],4.0,['public']
807.1538461538462,['6-8' 'K-5' '7-8' 'K-6' 'K-8' '9-12'],3.5384615384615383,['public']
892.3333333333334,['9-12' '6-8' 'K-5'],4.666666666666667,['public']
1168.2413793103449,['K-6' 'K-8' '9-12' '7-8' '7-12'],4.068965517241379,['public' 'charter']
951.8888888888889,['K-6' '7-8' '9-12'],4.111111111111111,['public']
598.0,['K-5'],4.0,['public']
1008.125,['6-8' 'K-5' 'K-8' '9-12' 'K-12'],3.875,['public' 'charter']
177.0,['K-5'],5.0,['public']
393.6666666666667,['9-12' 'K-12' 'K-5' '6-8' '3-6' 'K-6' 'K-3' '4-6'],4.166666666666667,['public' 'charter']
510.5,['K-5' '6-8'],3.5,['public']
886.1739130434783,['9-12' 'K-5' 'K-8' 'K-6' '7-8' '6-8' '6-12'],3.608695652173913,['public']
526.5,['9-12' '7-8' '4-6' '2-3'],3.75,['public']
247.0,['K-8' '9-12'],4.0,['public']
733.75,['6-8' '9-12' 'K-5'],3.5,['public']
598.5,['9-12' '6-8'],3.0,['public']
789.1333333333333,['K-5' 'K-6' 'K-8' '9-12' '6-8'],4.266666666666667,['public' 'charter']
916.9148936170212,['6-8' 'K-6' 'K-5' '9-12' '7-8'],3.617021276595745,['public']
470.5,['3-5' '9-12'],4.0,['public']
825.0,['9-12'],4.0,['public']
821.25,['K-5' '6-8'],4.0,['public']
1126.2222222222222,['K-6' '9-12' '6-8' 'K-5'],4.111111111111111,['public']
585.3333333333334,['9-12' '3-5' '6-8'],4.333333333333333,['public']
827.5641025641025,['9-12' 'K-6' 'PK-12' '7-8' 'K-12' '7-12' '3-6'],3.948717948717949,['public' 'charter']
796.3070175438596,"['K-6' '7-8' 'K-8' 'PK-8' '5-8' '7-12' '9-12' 'PK-6' '10-12 & ungraded'
 'K-7' '6-8' 'K-5' '2-6' 'K-12']",3.8333333333333335,['public' 'charter']
890.9166666666666,['K-6' 'K-8' '7-8' '9-12'],3.875,['public']
686.1666666666666,['9-12' 'K-6' '7-8'],3.6666666666666665,['public']
746.3125,['K-6' '7-8' '9-12' 'K-5'],3.9583333333333335,['public']
713.75,['K-5' '6-8' '9-12'],3.5833333333333335,['public' 'charter']
766.0666666666667,['K-5' '6-8' '10-12 & ungraded' '9-12' 'K-8'],3.8666666666666667,['public' 'charter']
956.2142857142857,['K-6' 'K-5' '6-8' '9-12'],4.071428571428571,['public']
844.3333333333334,['K-5' '9-12' '6-8' 'K-12' 'K-6'],4.222222222222222,['public']
925.25,['9-12' '7-8' 'K-6' 'K-8'],4.0,['public' 'charter']
811.3333333333334,['5-8' '9-12' 'K-4'],3.0,['public']
451.2142857142857,['K-5' '9-12' 'K-8' '5-8' '6-8' 'K-4' 'K-6'],4.285714285714286,['public' 'charter']
853.25,['K-5' '9-12' 'PK-5'],2.75,['public']
496.25,['9-12' 'K-8' '6-8' '2-5'],3.75,['public']
483.0,['K-6' 'PK-6'],4.0,['public']
641.0,['6-8' 'K-5'],4.0,['public']
532.3333333333334,['K-5' '9-12' '6-8'],3.0,['public']
729.0,['K-5' '9-12' '6-8'],4.0,['public']
636.1111111111111,['K-5' 'K-6' '9-12' '7-8' 'K-8' '6-8'],4.166666666666667,['charter' 'public']
757.8,"['K-5' '8, 10-12' 'K-8' 'K-12' '9-12' '6-8']",4.2,['public' 'charter']
618.2142857142857,['7-8' 'K-6' 'K-5' '9-12' 'K-8' '6-12'],3.6785714285714284,['public' 'charter']
319.1666666666667,['K-6' 'K-5' '9-12' '6-8'],4.0,['public' 'charter']
993.6666666666666,['K-5' '6-8' 'K-8' '9-12' '6-11'],3.8666666666666667,['public' 'charter']
442.0,['K-5'],3.5,['public']
738.0,['4-8' 'K-3'],4.5,['public']
769.9,['9-12' 'K-6' '7-8' '7-12' 'K-8' 'PK-6' 'K-12'],3.9,['public' 'charter']
728.5,['K-5' '6-8' 'K-6' '7-8'],3.875,['public']
384.0,['6-8' 'K-5'],4.0,['public']
785.4,['4-8' 'K-8' 'K-5' 'K-7' '6-8' '9-12'],3.9,['public']
541.0,['9-12'],2.0,['public']
466.25,['6-8' '4-5' 'K-3' '9-12'],3.5,['public']
931.72,['K-5' '9-12' '6-8' 'K-6'],4.04,['public']
889.2,['9-12' 'K-6' '6-12' '6-8' 'K-5'],3.933333333333333,['charter' 'public']
604.0,['K-5' '6-8'],4.0,['public']
974.0,['K-5' '9-12'],4.333333333333333,['public']
1052.3333333333333,['K-6' 'K-8' '9-12'],3.6666666666666665,['public' 'charter']
982.4,['K-5' '6-8' 'K-6' '9-12'],4.6,['public']
478.6190476190476,['9-12' 'K-6' '6-8' '10-12' 'PK-5' '7-9' '6-7' 'K-5'],3.6666666666666665,['charter' 'public']
440.0,['K-6'],4.0,['public']
968.8648648648649,['K-6' 'K-12' '9-12' 'PK-5' '7-8' 'K-8' 'PK-8' 'PK-6'],4.0,['public']
165.0,['K-6'],3.0,['public']
420.75,['9-12' '6-8' 'K-6'],3.25,['public']
874.9444444444445,['K-6' '7-8' '9-12'],3.7777777777777777,['public']
657.5,['6-8' 'K-5'],4.25,['public']
642.2,['K-8' '9-12' '2-3' '7-8' '4-6'],4.0,['public' 'charter']
1014.4285714285714,['K-6' '9-12' '3-5' '6-8'],3.857142857142857,['public']
912.1538461538462,['K-5' '9-12' 'K-6' 'K-12' '7-8' 'PK-8'],3.923076923076923,['public' 'charter']
721.4444444444445,['6-8' 'K-5' 'PK-5' '9-12'],3.888888888888889,['public']
1140.5,['K-6' '9-12' '7-8'],3.5,['public']
703.4,['9-12' 'K-5' 'K-8' 'K-6'],3.6,['public']
614.0,['PK-5' '6-8'],3.0,['public']
926.0,['9-12' 'K-5'],4.0,['public']
820.1666666666666,['9-12' 'K-5' '6-8'],4.166666666666667,['public']
799.6666666666666,['K-5' '9-12' '6-8'],4.0,['public']
843.0,['9-12' 'K-6'],4.0,['public']
678.7142857142857,['K-8' 'K-5' '6-8'],4.142857142857143,['charter' 'public']
981.7333333333333,['6-8' 'K-5' 'K-8' '9-12' 'PK-12'],3.533333333333333,['public' 'charter']
985.8571428571429,['9-12' 'K-6' '7-8'],3.857142857142857,['public']
489.6666666666667,['9-12' 'K-3' '4-8'],3.0,['public']
1086.75,['9-12' 'K-5' 'K-8' '6-8' 'PK-5'],3.875,['public']
873.8571428571429,['6-8' '9-12' 'K-6' 'K-5' '7-8' 'PK-6' '4-8' 'K-8' 'K-7'],3.357142857142857,['public' 'charter']
811.0,['6-8' '9-12'],4.333333333333333,['public']
1004.25,['K-8' '9-12'],3.25,['public']
873.1666666666666,['K-5' '9-12' '6-8'],4.333333333333333,['public' 'charter']
483.3333333333333,['PK-6' 'PK-8'],4.0,['public']
650.7777777777778,['K-6' 'K-8' '9-12' '5-8' '7-8'],4.222222222222222,['public' 'charter']
787.1666666666666,['K-5' '6-8' 'K-12'],3.8333333333333335,['public' 'charter']
740.3333333333334,['K-8' '9-12' 'PK-8'],3.6666666666666665,['public']
532.3333333333334,['9-12' '5-8' 'K-4'],3.6666666666666665,['public']
825.8666666666667,['K-5' '6-8' '9-12' 'K-8' 'PK-5'],4.2,['public']
745.0,['K-5' '9-12' '6-8'],4.0,['public']
725.4117647058823,['PK-6' 'K-6' 'K-8' '9-12' '7-8' 'K-12'],3.9411764705882355,['public' 'charter']
681.0,['K-5'],4.0,['public']
1017.3333333333334,['6-8' 'K-5'],3.3333333333333335,['public']
735.9090909090909,['K-6' '9-12' '7-8'],4.0,['public']
1008.3684210526316,['K-5' '6-8' '9-12' 'K-8' '6-12'],3.9473684210526314,['public' 'charter']
853.0,['9-12' 'K-8'],4.666666666666667,['public' 'charter']
1116.2857142857142,['K-5' '9-12' '6-8'],4.571428571428571,['public']
712.0,['K-6' '7-8' 'K-8' '9-12' 'K-5'],4.444444444444445,['public' 'charter']
337.0,['K-6'],5.0,['public']
621.7183098591549,['9-12' '6-12' 'K-6' 'K-8' 'K-5' '6-8' '9-11' 'K-7'],3.943661971830986,['public' 'charter']
1037.75,['K-6' '7-8'],3.25,['public']
695.5555555555555,['K-5' 'PK-5' '9-12' '6-8'],4.0,['public']
159.5,['K-6' '7-12'],4.5,['public']
855.5882352941177,['6-8' 'K-6' '7-8' 'K-5' '9-12'],3.4705882352941178,['public']
765.2083333333334,['K-6' 'K-8' '7-8' '9-12'],4.25,['public' 'charter']
467.75,['K-5' '6-12'],4.25,['public']
394.0,['K-5' '9-12' '6-8'],3.0,['public']
1300.0,['K-5' '9-12'],4.666666666666667,['public']
864.3125,['K-8' '9-12'],3.625,['public']
156.0,['K-5'],5.0,['public']
481.8,['K-5' '6-8' '9-12'],3.0,['public']
386.0,['K-8'],4.0,['public']
576.6,['K-5' '6-8'],4.4,['public']
428.0833333333333,['6-8' 'K-12' 'K-5' 'K-6' '7-12' '9-12' 'K-8'],3.8333333333333335,['public' 'charter']
781.6,['K-5' '9-12'],4.2,['public']
851.0,['K-5' '9-12' '6-8'],3.25,['public']
335.0,['K-3'],5.0,['public']
1079.090909090909,['6-8' 'K-5' '9-12' 'K-12'],4.0,['public' 'charter']
711.1666666666666,['K-8' '6-8' '4-8' 'K-5'],3.5,['public']
809.1333333333333,['K-6' 'K-5' '9-12' '7-8' 'K-8' '6-12' '6-8'],4.133333333333334,['public' 'charter']
651.5714285714286,['K-5' '6-8' 'PK-5' '9-12'],4.571428571428571,['public']
672.0,['K-5' '9-12' '6-8'],4.2,['public']
837.4166666666666,['K-6' '9-12' '7-8'],4.083333333333333,['public']
832.7647058823529,['9-12' '6-8' 'K-5' 'K-6' '7-8' 'K-8'],4.117647058823529,['public' 'charter']
696.5,['K-6' 'K-5' '6-8' '7-8' '9-12' 'K-8' 'K-12' 'PK-5'],3.9285714285714284,['public' 'charter']
709.125,['K-5' '6-8' '9-12'],4.0,['public']
168.5,['K-8'],4.0,['public']
1022.125,['PK-6' '9-12' '7-8'],3.625,['public']
1293.6,['6-8' 'K-5' '9-12'],3.8,['public']
541.8,['K-8' 'K-5' 'PK-5' '9-12'],3.6,['charter' 'public']
751.375,['K-5' 'K-8' 'K-6' '6-8'],4.0,['public']
627.875,['PK-5' 'K-8' '7-12' '6-8' '9-12' 'K-5' '11-12'],4.625,['public' 'charter']
685.25,['9-12' 'K-5' '6-8'],4.0,['public']
1025.1538461538462,['K-5' '6-8' '9-12' 'K-6' 'K-12'],3.7948717948717947,['public']
686.7,['9-12' 'K-6' 'K-8' 'PK-6' '6-12'],3.8,['public' 'charter']
867.0,['9-12'],4.0,['public']
279.3333333333333,['K-3' '9-12' '2-8'],3.6666666666666665,['public']
708.2,['K-5' '6-8' '9-12' 'K-6'],4.2,['public']
1199.842105263158,['K-5' '6-8' 'K-7' '9-12' 'K-6'],4.0,['public']
598.5,['PK-8' 'K-5'],4.5,['public']
597.5217391304348,['K-5' '6-8' '9-12' 'K-6' 'PK-5' 'K-8'],4.173913043478261,['public' 'charter']
948.7142857142857,['K-6' '7-9' 'K-8' '7-8' '9-12'],3.857142857142857,['public' 'charter']
217.0,['9-12'],5.0,['public']
375.75,['K-4' 'K-8' '5-8'],4.0,['public' 'charter']
555.6,['K-6' '3-6' 'K-12' '7-8' '9-12'],3.7,['public']
567.5,['K-5' '9-12' '6-8'],4.25,['public']
1040.0,['7-12' 'K-6' '7-8' 'PK-6' '9-12'],3.7777777777777777,['public']
821.5,['K-6' '10-12' '9-12' '7-8'],3.875,['public']
585.1428571428571,['K-12' '7-12' '9-12' 'K-6' 'K-8'],3.5714285714285716,['charter' 'public']
665.1428571428571,['K-5' 'K-6' '6-8' '9-12'],4.142857142857143,['public']
552.0769230769231,['K-8' 'K-5' 'K-12' '9-12' '6-8'],4.384615384615385,['public' 'charter']
637.1111111111111,['K-6' '9-12' 'K-5' '7-12' '7-8'],3.7777777777777777,['public' 'charter']
442.0315789473684,['K-8' 'PK-5' 'K-5' '6-8' '9-12' '6-12' 'PK-8' '5-8' 'K-6'],4.010526315789473,['charter' 'public']
977.1428571428571,['6-8' '9-12' 'PK-5' 'K-5' 'K-8'],4.0,['public']
868.3235294117648,['K-5' 'K-6' '6-8' 'K-8' '9-12' '1-5' 'PK-5' 'K-12'],4.0588235294117645,['public' 'charter']
420.8333333333333,['7-8' 'K-6' '9-12'],4.0,['public']
941.375,['K-6' 'PK-6' 'K-8' '9-12' 'K-5' '7-8' '6-8' 'PK-5'],3.5833333333333335,['public']
718.4285714285714,['K-6' '9-12' 'K-8' '6-8' '7-8'],3.5714285714285716,['public' 'charter']
524.0,['K-5' '6-8' '9-12'],3.5,['public']
657.0,['K-5' '9-12' '6-8'],4.4,['public']
360.0,['K-8' '9-12'],4.0,['public']
464.25,['K-5' 'K-8' 'K-3' '6-8' '9-12' 'K-6'],3.9166666666666665,['public']
1047.258064516129,['K-5' '9-12' '6-8' 'K-8' 'K-6' 'K-7'],3.7419354838709675,['public']
465.6,['K-5' 'K-8' '9-12' '6-8'],3.8,['public' 'charter']
598.875,['K-8' '6-8' '9-12' 'K-5'],4.5,['public']
1345.5,['K-5' '9-12'],3.5,['public']
932.75,['K-5' 'K-7' '9-12'],4.25,['public' 'charter']
990.0,['K-8' 'K-6' '7-8' '6-8' 'K-12' '9-12' 'K-4'],3.5757575757575757,['public' 'charter']
645.8461538461538,['K-5' '6-8' '9-12'],4.769230769230769,['public']
865.0,['K-5' '9-12' '6-8'],4.0,['public']
459.7142857142857,['K-8' '6-8' 'K-5' '9-12'],4.0,['charter' 'public']
772.25,['6-8' 'K-5' '4-8'],3.0,['public']
572.4,['K-6' '9-12' '7-8'],3.4,['public']
728.875,['K-5' 'PK-5' 'K-8' '9-12'],3.75,['public']
738.3333333333334,['PK-8' '6-8' 'K-5' '9-12'],4.333333333333333,['public']
1007.6,['K-5' '6-8' '9-12' 'K-8'],3.4,['public']
1077.9411764705883,['K-5' '5-12' '9-12' 'K-6' 'K-8' '7-8' '6-8'],3.8823529411764706,['public' 'charter']
508.55555555555554,['9-12' 'K-6' '7-8' '1-6' 'K-8'],4.055555555555555,['public' 'charter']
1115.25,['9-12' 'K-5' '6-8'],3.75,['public']
503.5,['K-5' '6-8'],4.0,['public']
555.0,['K-6' '7-8' '9-12' 'K-8'],3.5,['public']
427.0,['7-8'],4.0,['public']
887.9166666666666,['K-5' '6-8' '9-12'],3.4166666666666665,['public']
1115.25,['9-12' 'K-6' '7-8' 'K-5' '6-8'],4.25,['public']
591.4166666666666,"['6-8' '9-12' 'K-5' '4-8' '5-8' 'K-4' 'K-12' 'PK, 1-12' 'K-3']",3.75,['public' 'charter']
826.7777777777778,['9-12' 'K-5' '6-8'],3.888888888888889,['public']
1042.7857142857142,['K-5' '9-12' '6-8'],4.357142857142857,['public']
136.0,['9-12'],4.0,['public']
672.4705882352941,['PK-6' 'PK-8' '9-12' '6-8' '7-12' 'PK-5' '6-12'],3.6176470588235294,['public' 'charter']
670.5,['K-6'],3.5,['public']
753.5238095238095,['K-8' 'K-6' '7-8' '9-12' '6-8' 'K-5' 'K-12'],4.380952380952381,['public' 'charter']
295.5,['K-6' '7-12'],3.5,['public']
314.0,['4-8' 'K-3'],4.5,['public']
903.5,['K-5' '6-8' '9-12'],4.0,['public']
610.4615384615385,['K-6' '9-12' 'K-5' '6-8'],4.076923076923077,['public']
1073.7692307692307,['K-5' 'K-4' '6-8' '9-12' '5-8'],3.8461538461538463,['public']
682.3,['K-5' 'K-6' '6-8'],4.3,['public']
745.2857142857143,['K-5' '6-8' 'PK-6' 'K-6' '7-8'],4.142857142857143,['public']
545.75,['K-5' '6-8' 'K-8' '9-12'],4.125,['public' 'charter']
507.18518518518516,"['K-12' 'K-5' 'K-8' 'PK-9' 'K-4' '9-12' '5-8' '4-8' '6-8' '7-12' 'PK-5'
 '6-12']",3.962962962962963,['charter' 'public']
939.75,['9-12' '6-8' 'K-5' 'K-12' '7-12'],4.25,['public' 'charter']
840.5454545454545,['6-8' 'K-5' 'K-6' '9-12'],3.909090909090909,['public']
581.0952380952381,"['K-5' 'K-8' 'K-3, 6-7' '9-12' 'K-6' '6-8' '3-8' 'K-12' 'K-7']",4.095238095238095,['public' 'charter']
778.2,['K-5' '9-12' 'K-8'],2.8,['public']
946.0416666666666,['K-5' '9-12' '6-8'],3.625,['public']
547.6842105263158,['K-8' 'K-6' '9-12' '7-8' '5-12' '6-8'],3.6842105263157894,['charter' 'public']
591.7142857142857,['9-12' 'K-5' '6-8' 'K-8'],4.142857142857143,['public' 'charter']
165.5,['K-5' '6-8'],5.0,['public']
354.3333333333333,['K-5' '9-12' '6-8'],3.0,['public']
495.8333333333333,['K-8' '9-12'],4.333333333333333,['public']
654.5,['K-5' '9-12' 'K-8'],4.0,['public' 'charter']
860.44,['PK-6' 'K-6' 'K-5' '7-8' '9-12' '5-8' '6-8' 'K-12'],3.6,['public' 'charter']
660.0,['K-6' '7-8' 'K-8' '9-12' '6-12'],4.105263157894737,['public' 'charter']
519.625,['9-12' 'K-5' 'K-12' 'K-2'],4.25,['charter' 'public']
79.0,['10-12'],5.0,['public']
1204.0,['K-5' '9-12'],4.333333333333333,['public']
531.5,['K-6' 'PK-6'],4.5,['public']
719.8846153846154,['6-8' 'K-5' '4-6' 'K-12' 'PK-3' '9-12' '7-8'],4.115384615384615,['public' 'charter']
366.0,['K-8'],4.0,['public']
726.1315789473684,['K-8' 'K-6' '7-8' '6-8' '9-12' 'K-5' '4-6' 'K-3' '5-8' '3-6' 'K-12' '7-12'],3.8157894736842106,['public' 'charter']
788.7317073170732,['K-6' '9-12' '6-8' '7-8' 'K-5' 'K-12' 'K-8' 'K-3'],4.024390243902439,['public' 'charter']
535.5,['K-5' '9-12'],4.75,['public']
719.6875,['6-8' '9-12' 'K-12' 'K-6' '4-6' 'K-3' 'K-5' 'K-8' '6-12'],3.84375,['public' 'charter']
456.22222222222223,['K-5' '9-12' '7-9'],4.111111111111111,['public']
511.0,['K-4' '5-8' 'K-8'],4.0,['charter' 'public']
995.7142857142857,['K-5' '9-12' 'K-8' '6-8'],4.285714285714286,['public']
550.3979591836735,['K-5' '6-8' 'K-8' '9-12' 'K-6' 'K-4' '7-8' 'PK-5' '6-12' 'K-12' '5-8'],3.979591836734694,['public' 'charter']
746.6,['K-5' '6-8' '9-12'],4.0,['public']
988.4,['9-12' 'K-5' '6-8' 'PK-12'],3.8,['public' 'charter']
525.2674418604652,['9-12' 'K-5' '6-8' 'K-8' '5-8'],4.186046511627907,['public' 'charter']
922.6666666666666,['K-5' 'K-6' '9-12' '6-8'],4.111111111111111,['public']
856.0833333333334,['K-5' '6-8' '9-12' 'K-12'],3.6666666666666665,['public' 'charter']
724.7368421052631,"['9-12' '5-8' 'K-8' 'K-5' '6-8' 'K-6' 'PK-8' '7-8' 'PK-5' '4-8' 'K-12'
 'PK-9' 'K-3']",3.8526315789473684,['public' 'charter']
376.0,['9-12' 'K-8'],3.5,['public']
1015.0,['K-12' 'K-5' '9-12' '6-8'],4.0,['charter' 'public']
757.2307692307693,['6-8' 'K-5' '9-12'],3.8461538461538463,['public']
506.6666666666667,['K-6' '7-8' '9-12' '4-6'],4.444444444444445,['charter' 'public']
1019.2777777777778,['K-5' 'K-12' '9-12' '6-8' '6-12'],4.166666666666667,['public' 'charter']
783.5,['K-5' '6-8' '9-12'],4.75,['public']
674.3157894736842,['6-8' '9-12' 'K-5' 'K-8'],4.052631578947368,['public']
597.0,['7-8' '9-12' 'K-6'],4.0,['public']
607.5714285714286,['K-5' '6-8' 'K-12' '9-12' 'K-8'],4.0,['public']
1020.4444444444445,['K-5' '9-12' '6-8' 'K-12'],4.222222222222222,['public']
732.0833333333334,['K-6' 'K-8' 'K-12' 'K-5' '9-12' '6-8'],4.333333333333333,['public' 'charter']
951.0416666666666,['K-5' 'PK-5' '9-12' 'K-6' '6-8' 'PK-6' 'PK-12' 'K-8' '7-12' '7-8' '5-8'],4.125,['public' 'charter']
598.0869565217391,['K-6' '7-8' '9-12' 'K-8' 'K-12'],4.173913043478261,['public' 'charter']
692.0,['9-12' 'K-5' '6-8' 'K-8'],3.9444444444444446,['public']
892.5,['9-12' '7-12' 'K-6' '7-8'],3.875,['public' 'charter']
444.3809523809524,['K-12' '9-12' 'K-5' 'K-6' '6-8' 'PK-5' '7-12' 'K-8'],3.9523809523809526,['public' 'charter']
610.0,['K-5' '6-8' 'K-6'],4.333333333333333,['public']
995.5,['K-6' '7-8' '9-12' 'K-12'],4.166666666666667,['public' 'charter']
943.7777777777778,['K-5' 'PK-5' '6-8' '9-12'],4.111111111111111,['charter' 'public']
280.5,['5-8' 'K-4'],5.0,['public']
590.3023255813954,['K-6' '9-12' '7-8' 'K-8' '7-12' '1-8' '6-8' 'K-12' '5-6' '4-6' 'K-3'],4.046511627906977,['public' 'charter']
906.2,['K-8' '9-12' 'K-6'],4.0,['public']
732.25,['K-5' 'K-8' '9-12' '6-8'],4.0,['public' 'charter']
270.0,['K-8'],4.0,['public' 'charter']
653.3333333333334,['9-12' '6-8' 'K-5'],4.0,['public']
575.0,['K-5' 'K-8' '9-12' '6-8'],3.375,['public' 'charter']
379.3333333333333,['9-12' 'K-5' '6-8' 'K-12' 'K-4' 'K-8'],4.0,['public' 'charter']
615.8,['7-8' 'K-6' '2-6' '7-12' '9-12'],4.4,['public']
824.25,['K-8' '7-8' 'PK-6' '9-12'],4.25,['public']
553.6666666666666,['9-12' 'K-5' 'K-8'],4.333333333333333,['public']
569.0,['K-8' '6-8'],4.0,['public']
688.3333333333334,['K-5' '6-8'],4.0,['public']
876.551724137931,['K-6' 'K-12' '9-12' '6-8'],3.9655172413793105,['public' 'charter']
634.5,['7-8' 'K-6'],3.5,['public']
704.1428571428571,['K-6' '7-8' 'PK-6' '9-12'],3.7142857142857144,['public']
410.0,['K-6' 'PK-8'],4.0,['public']
501.7142857142857,['6-8' 'K-5' 'K-8' '9-12'],4.285714285714286,['public' 'charter']
666.3333333333334,['K-12' 'K-8' '9-12'],4.0,['charter' 'public']
1425.0,['9-12'],4.0,['public']
982.3333333333334,['K-5' '6-12' 'K-6' '9-12' '6-8'],3.9444444444444446,['charter' 'public']
650.8,['K-5' '9-12' '6-8'],3.8,['public']
950.8,['K-5' '6-8' '9-12'],4.0,['public']
682.0,['6-8' 'K-5' '9-12'],3.7222222222222223,['public']
447.0,['K-5'],5.0,['public']
343.6666666666667,['6-8' '3-5' '9-12'],3.6666666666666665,['public']
721.0,['K-6'],4.0,['public']
776.1538461538462,['K-8' 'K-6' '6-12' 'K-5' '9-12' '7-8' 'PK-6' 'PK-8' 'K-12'],3.4615384615384617,['public' 'charter']
720.6666666666666,['6-8' 'K-5'],4.0,['public']
722.1111111111111,['K-5' '6-8' '6-12'],4.0,['public' 'charter']
421.5,['6-8' 'K-8' '9-12' '3-5'],3.25,['public']
628.0,['9-12'],3.0,['public']
448.75,['K-3' '9-12'],4.0,['public']
705.0,['K-5'],4.0,['public']
1434.5882352941176,['K-5' '9-12' '6-8' 'K-12'],4.0,['public' 'charter']
607.0,['K-6' '4-6' 'K-3' '7-8'],4.0,['public']
727.9,['K-5' 'K-8' '6-8' '9-12'],4.2,['public' 'charter']
572.0,['3-5'],3.0,['public']
900.2272727272727,['K-5' '6-8' '9-12'],4.0,['public']
777.4,['K-8' 'PK-8' 'K-5' 'K-12' '5-8' '6-8' '9-12' 'K-4'],3.96,['public' 'charter']
184.0,['K-8'],4.0,['public']
403.5,['6-8' 'K-12' 'K-5' 'K-8' '9-12'],4.166666666666667,['public' 'charter']
781.5,['K-8' '6-8' 'K-6' 'K-5' '7-8' '9-12' '5-8' 'K-4'],3.5555555555555554,['public']
213.0,['7-12'],5.0,['public']
965.2222222222222,['K-6' '7-8' '6-8' '9-12'],3.7777777777777777,['public']
745.6363636363636,['PK-5' 'K-5' '6-8' '9-12'],4.181818181818182,['public']
505.0,['K-6' '9-12' '7-8'],3.0,['public']
304.125,['4-12' 'K-4' 'K-6' '7-12' 'K-8'],4.0,['charter' 'public']
1275.5555555555557,['K-5' '6-8' '9-12'],4.0,['public']
859.5384615384615,['K-6' 'K-7' '7-8' '9-12'],4.0,['public']
714.9285714285714,['K-6' '9-12' '7-8'],4.071428571428571,['public' 'charter']
708.2666666666667,['K-5' '6-8' '9-12' 'K-8'],3.7333333333333334,['public' 'charter']
694.0,['K-5' '6-8' 'K-8' '9-12' 'K-12'],4.153846153846154,['public' 'charter']
832.1785714285714,['K-6' '7-12' '7-8' '9-12' 'K-5'],3.6785714285714284,['public' 'charter']
1180.0,['7-8' 'K-6' '9-12'],3.75,['public']
724.8055555555555,['K-6' 'K-12' 'K-8' '7-8' '9-12' 'PK-8'],4.0,['public' 'charter']
862.4736842105264,['K-5' 'K-8' 'K-12' '9-12' '6-8'],3.6315789473684212,['public' 'charter']
984.5555555555555,['K-5' '6-8' 'K-8' '9-12'],4.333333333333333,['public']
707.3846153846154,['9-12' 'K-5' '1-8' '6-8'],4.153846153846154,['public' 'charter']
174.0,['K-6'],4.0,['public']
471.0,['K-5'],4.0,['charter']
626.0,['K-5'],5.0,['public']
842.2,['K-6' 'K-8' '7-8' '9-12'],4.6,['public']
879.25,['K-12' 'K-3' '9-12' '7-8'],4.0,['charter' 'public']
669.6,['K-8' 'K-5' 'K-6' '6-12' '6-8' 'K-12' '9-12'],4.2,['charter' 'public']
244.0,['K-8'],3.0,['public']
777.15,['K-5' '9-12' '6-8' 'K-6' 'K-8' '7-8'],3.85,['public' 'charter']
869.7777777777778,['K-8' '9-12' '6-12'],3.7777777777777777,['public' 'charter']
380.0,['K-12' 'K-5'],4.0,['charter' 'public']
761.5294117647059,['K-6' 'K-5' '6-8' '9-12' '7-8'],3.823529411764706,['public']
363.0,['K-8'],3.0,['public']
536.6666666666666,['4-8' 'K-3' '9-12'],3.6666666666666665,['public']
693.8181818181819,['K-6' '9-12' 'PK-5' 'K-5' '6-8' 'PK-6' '7-8' 'K-8'],3.8484848484848486,['public']
960.75,['PK-6' '9-12' 'K-6' 'K-8'],3.75,['public' 'charter']
520.5,['7-12' 'K-3'],4.0,['public']
256.4,['6-8' '3-5' '9-12' '6-12'],3.4,['public' 'charter']
192.0,['K-8'],3.0,['public']
395.75,['K-5' 'K-8' '9-12' '6-8'],4.0,['public' 'charter']
1316.0,['9-12' '6-8'],4.0,['public']
409.5,['9-12' '6-8'],2.5,['public']
656.8,['K-6' '7-8' '9-12'],4.3,['public']
1184.1818181818182,['K-5' 'K-8' '9-12' '6-8'],4.090909090909091,['charter' 'public']
1126.0,['K-8' '9-12'],4.5,['public']
694.5555555555555,['7-8' 'K-5' 'K-6' '9-12' '6-8'],4.222222222222222,['public']
127.0,['K-5'],4.0,['public']
353.6666666666667,['K-3' '4-8' 'K-12'],4.333333333333333,['public']
717.8947368421053,['K-8' 'K-5' '6-8' '9-12' 'K-12'],3.736842105263158,['public' 'charter']
932.5,['K-5' 'K-8' '6-8' '9-12'],3.75,['public' 'charter']
766.0,['7-8' 'K-6' '9-12'],3.0,['public']
